Traffic_Condition,prop
High,0.6347004422999598
Medium,0.2935263369521512
Low,0.07177322074788903
