Traffic_Condition,prop
High,0.6380118150336117
Medium,0.2900794459156651
Low,0.07190873905072316
