,precision,recall,f1-score,support
Low,0.0,0.0,0.0,46.0
Med,0.0,0.0,0.0,196.0
High,0.6477438136826783,1.0,0.7862190812720848,445.0
accuracy,0.6477438136826783,0.6477438136826783,0.6477438136826783,0.6477438136826783
macro avg,0.21591460456089276,0.3333333333333333,0.26207302709069497,687.0
weighted avg,0.41957204816418026,0.6477438136826783,0.5092685460932718,687.0
