,precision,recall,f1-score,support
Low,0.0,0.0,0.0,48.0
Med,0.0,0.0,0.0,211.0
High,0.6229985443959243,1.0,0.7677130044843049,428.0
accuracy,0.6229985443959243,0.6229985443959243,0.6229985443959243,0.6229985443959243
macro avg,0.2076661814653081,0.3333333333333333,0.25590433482810165,687.0
weighted avg,0.38812718631944043,0.6229985443959243,0.4782840843075437,687.0
