,Vehicle_Count_Lag1,Weather_Adverse,Sentiment_Lag1,RideShare_Lag1
Low vs Rest,-0.055859670866613295,0.10336468535958705,0.02193995437280884,0.06264491305163497
Med vs Rest,0.07364764453234246,-0.08043254268961907,-0.031009174257099262,-0.038077296813947156
High vs Rest,-0.017787973665729904,-0.022932142669970693,0.009069219884290167,-0.024567616237688092
