Traffic_Condition,Train_prop
High,0.6405616224648986
Medium,0.28767550702028083
Low,0.0717628705148206
